{"cameraMode":{"drawMode":0,"name":"Shaded","section":"Shading Mode"},"sceneLighting":true,"audioPlay":false,"sceneViewState":{"m_AlwaysRefresh":false,"showFog":true,"showSkybox":true,"showFlares":true,"showImageEffects":true,"showParticleSystems":true,"showVisualEffectGraphs":true,"m_FxEnabled":true},"in2DMode":false,"pivot":{"x":-40.155033111572269,"y":9.938364028930664,"z":-10.18702507019043},"rotation":{"x":0.029251299798488618,"y":0.6315861344337463,"z":-0.023462142795324327,"w":0.7745792865753174},"size":0.1887393593788147,"orthographic":false}